{"cameraMode":{"drawMode":0,"name":"Shaded","section":"Shading Mode"},"sceneLighting":true,"audioPlay":false,"sceneViewState":{"showFog":true,"showMaterialUpdate":false,"showSkybox":true,"showFlares":true,"showImageEffects":true,"showParticleSystems":true},"in2DMode":false,"pivot":{"x":12.418492317199707,"y":4.558477401733398,"z":8.242555618286133},"rotation":{"x":-0.4668392241001129,"y":-0.10251527279615402,"z":0.054580945521593097,"w":-0.8766880631446838},"size":9.12024974822998,"orthographic":false}